{
    "tr_ind": {
        "loss": 0.1472731045767909,
        "acc": 0.9538934426229508
    },
    "dev_ind": {
        "loss": 0.19240600633621216,
        "acc": 0.9400000052452088
    }
}