{
    "tr": {
        "loss": 1.653695235532873,
        "acc": 0.26525735294117647
    },
    "val": {
        "loss": 1.5679078416824341,
        "acc": 0.3259999997615814
    }
}