{
    "train": {
        "loss": 0.05050966175796898,
        "acc": 0.9842230783342506
    },
    "test": {
        "loss": 0.1469447762966156,
        "acc": 0.9540000019073487
    }
}