{
    "tr": {
        "loss": 1.7188514925184704,
        "acc": 0.21688988095238096
    },
    "val": {
        "loss": 1.6628830938339234,
        "acc": 0.22600000071525575
    }
}