{
    "tr_ind": {
        "loss": 0.08805598342973092,
        "acc": 0.9756592293989137
    },
    "dev_ind": {
        "loss": 0.312180721282959,
        "acc": 0.9100000023841858
    },
    "val_ind": {
        "loss": 0.2654730975627899,
        "acc": 0.9205
    },
    "detector_topk_1_nh_1": {
        "training_ind_trec_ood_sst2": {
            "dev_ind": {
                "precision": 0.9749478079331941,
                "recall": 0.934,
                "f1-score": 0.9540347293156283,
                "support": 500
            },
            "dev_ood": {
                "precision": 0.9366602687140115,
                "recall": 0.976,
                "f1-score": 0.9559255631733595,
                "support": 500
            },
            "accuracy": 0.955,
            "macro avg": {
                "precision": 0.9558040383236028,
                "recall": 0.9550000000000001,
                "f1-score": 0.9549801462444939,
                "support": 1000
            },
            "weighted avg": {
                "precision": 0.9558040383236027,
                "recall": 0.955,
                "f1-score": 0.9549801462444939,
                "support": 1000
            }
        },
        "validation_ind_trec_ood_sst2": {
            "val_ind": {
                "precision": 0.971895758814512,
                "recall": 0.951,
                "f1-score": 0.9613343442001515,
                "support": 2000
            },
            "val_ood": {
                "precision": 0.9520313264806657,
                "recall": 0.9725,
                "f1-score": 0.9621568142468464,
                "support": 2000
            },
            "accuracy": 0.96175,
            "macro avg": {
                "precision": 0.9619635426475888,
                "recall": 0.96175,
                "f1-score": 0.961745579223499,
                "support": 4000
            },
            "weighted avg": {
                "precision": 0.9619635426475889,
                "recall": 0.96175,
                "f1-score": 0.9617455792234989,
                "support": 4000
            }
        },
        "validation_ind_trec_ood_subj": {
            "val_ind": {
                "precision": 0.984472049689441,
                "recall": 0.951,
                "f1-score": 0.9674465920651069,
                "support": 2000
            },
            "val_ood": {
                "precision": 0.9526112185686654,
                "recall": 0.985,
                "f1-score": 0.9685349065880039,
                "support": 2000
            },
            "accuracy": 0.968,
            "macro avg": {
                "precision": 0.9685416341290531,
                "recall": 0.968,
                "f1-score": 0.9679907493265554,
                "support": 4000
            },
            "weighted avg": {
                "precision": 0.9685416341290531,
                "recall": 0.968,
                "f1-score": 0.9679907493265554,
                "support": 4000
            }
        },
        "validation_ind_trec_ood_mr": {
            "val_ind": {
                "precision": 0.984472049689441,
                "recall": 0.951,
                "f1-score": 0.9674465920651069,
                "support": 2000
            },
            "val_ood": {
                "precision": 0.9526112185686654,
                "recall": 0.985,
                "f1-score": 0.9685349065880039,
                "support": 2000
            },
            "accuracy": 0.968,
            "macro avg": {
                "precision": 0.9685416341290531,
                "recall": 0.968,
                "f1-score": 0.9679907493265554,
                "support": 4000
            },
            "weighted avg": {
                "precision": 0.9685416341290531,
                "recall": 0.968,
                "f1-score": 0.9679907493265554,
                "support": 40000.92525,
            "macro avg": {
                "precision": 0.9252526578291114,
                "recall": 0.92525,
                "f1-score": 0.9252
            }
        },
        "validation_ind_trec_ood_mpqa": {
            "val_ind": {
                "precision": 0.9839627521986549,
                "recall": 0.951,
                "f1-score": 0.9672006102212051,
                "support": 2000
            },
            "val_ood": {
                "precision": 0.9525882922109338,
                "recall": 0.9845,
                "f1-score": 0.9682812884189821,
                "support": 2000
            },
            "accuracy": 0.96775,
            "macro avg": {
                "precision": 0.9682755222047943,
                "recall": 0.96775,
                "f1-score": 0.9677409493200936,
                "support": 4000
            },
            "weighted avg": {
                "precision": 0.9682755222047944,
                "recall": 0.96775,
                "f1-score": 0.9677409493200936,
                "support": 4000
            }
        },
        "validation_ind_trec_ood_cr": {
            "val_ind": {
                "precision": 0.9768875192604006,
                "recall": 0.951,
                "f1-score": 0.9637699518621738,
                "support": 2000
            },
            "val_ood": {
                "precision": 0.9522649780808573,
                "recall": 0.9775,
                "f1-score": 0.9647174932149026,
                "support": 2000
            },
            "accuracy": 0.96425,
            "macro avg": {
                "precision": 0.964576248670629,
                "recall": 0.96425,
                "f1-score": 0.9642437225385383,
                "support": 4000
            },
            "weighted avg": {
                "precision": 0.964576248670629,
                "recall": 0.96425,
                "f1-score": 0.9642437225385382,
                "support": 4000
            }
        }
    },
    "detector_topk_1_nh_4": {
        "training_ind_trec_ood_sst2": {
            "dev_ind": {
                "precision": 0.9396378269617707,
                "recall": 0.934,
                "f1-score": 0.9368104312938818,
                "support": 500
            },
            "dev_ood": {
                "precision": 0.9343936381709742,
                "recall": 0.94,
                "f1-score": 0.9371884346959122,
                "support": 500
            },
            "accuracy": 0.937,
            "macro avg": {
                "precision": 0.9370157325663724,
                "recall": 0.937,
                "f1-score": 0.936999432994897,
                "support": 1000
            },
            "weighted avg": {
                "precision": 0.9370157325663724,
                "recall": 0.937,
                "f1-score": 0.936999432994897,
                "support": 1000
            }
        },
        "validation_ind_trec_ood_sst2": {
            "val_ind": {
                "precision": 0.9297541394882087,
                "recall": 0.9265,
                "f1-score": 0.9281242173804157,
                "support": 2000
            },
            "val_ood": {
                "precision": 0.9267563527653214,
                "recall": 0.93,
                "f1-score": 0.9283753431494884,
                "support": 2000
            },
            "accuracy": 0.92825,
            "macro avg": {
                "precision": 0.928255246126765,
                "recall": 0.92825,
                "f1-score": 0.9282497802649521,
                "support": 4000
            },
            "weighted avg": {
                "precision": 0.9282552461267651,
                "recall": 0.92825,
                "f1-score": 0.9282497802649521,
                "support": 4000
            }
        },
        "validation_ind_trec_ood_subj": {
            "val_ind": {
                "precision": 0.9241895261845386,
                "recall": 0.9265,
                "f1-score": 0.9253433208489389,
                "support": 2000
            },