{
    "train_ind": {
        "loss": 0.07965819121607488,
        "acc": 0.9771080848031444
    },
    "dev_ind": {
        "loss": 0.3352190580368042,
        "acc": 0.9160000009536743
    },
    "test_ind": {
        "loss": 0.2665963795185089,
        "acc": 0.928
    },
    "detector_topk_1_nh_1": {
        "training_ind_trec_ood_sst2": {
            "dev_ind": {
                "precision": 0.9263803680981595,
                "recall": 0.906,
                "f1-score": 0.916076845298281,
                "support": 500
            },
            "dev_ood": {
                "precision": 0.9080234833659491,
                "recall": 0.928,
                "f1-score": 0.9179030662710188,
                "support": 500
            },
            "accuracy": 0.917,
            "macro avg": {
                "precision": 0.9172019257320543,
                "recall": 0.917,
                "f1-score": 0.9169899557846499,
                "support": 1000
            },
            "weighted avg": {
                "precision": 0.9172019257320543,
                "recall": 0.917,
                "f1-score": 0.9169899557846499,
                "support": 1000
            }
        },
        "test_ind_trec_ood_sst2": {
            "test_ind": {
                "precision": 0.9218828242363545,
                "recall": 0.9205,
                "f1-score": 0.9211908931698773,
                "support": 2000
            },
            "test_ood": {
                "precision": 0.9206190713929107,
                "recall": 0.922,
                "f1-score": 0.9213090182363228,
                "support": 2000
            },
            "accuracy": 0.92125,
            "macro avg": {
                "precision": 0.9212509478146326,
                "recall": 0.92125,
                "f1-score": 0.9212499557031001,
                "support": 4000
            },
            "weighted avg": {
                "precision": 0.9212509478146326,
                "recall": 0.92125,
                "f1-score": 0.9212499557031001,
                "support": 4000
            }
        }
    },
    "detector_topk_1_nh_4": {
        "training_ind_trec_ood_sst2": {
            "dev_ind": {
                "precision": 0.936,
                "recall": 0.936,
                "f1-score": 0.936,
                "support": 500
            },
            "dev_ood": {
                "precision": 0.936,
                "recall": 0.936,
                "f1-score": 0.936,
                "support": 500
            },
            "accuracy": 0.936,
            "macro avg": {
                "precision": 0.936,
                "recall": 0.936,
                "f1-score": 0.936,
                "support": 1000
            },
            "weighted avg": {
                "precision": 0.936,
                "recall": 0.936,
                "f1-score": 0.936,
                "support": 1000
            }
        },
        "test_ind_trec_ood_sst2": {
            "test_ind": {
                "precision": 0.9334677419354839,
                "recall": 0.926,
                "f1-score": 0.929718875502008,
                "support": 2000
            },
            "test_ood": {
                "precision": 0.9265873015873016,
                "recall": 0.934,
                "f1-score": 0.9302788844621515,
                "support": 2000
            },
            "accuracy": 0.93,
            "macro avg": {
                "precision": 0.9300275217613927,
                "recall": 0.93,
                "f1-score": 0.9299988799820798,
                "support": 4000
            },
            "weighted avg": {
                "precision": 0.9300275217613928,
                "recall": 0.93,
                "f1-score": 0.9299988799820798,
                "support": 4000
            }
        }
    },
    "detector_topk_1_nh_12": {
        "training_ind_trec_ood_sst2": {
            "dev_ind": {
                "precision": 0.9920159680638723,
                "recall": 0.994,
                "f1-score": 0.993006993006993,
                "support": 500
            },
            "dev_ood": {
                "precision": 0.9939879759519038,
                "recall": 0.992,
                "f1-score": 0.9929929929929929,
                "support": 500
            },
            "accuracy": 0.993,
            "macro avg": {
                "precision": 0.993001972007888,
                "recall": 0.993,
                "f1-score": 0.992999992999993,
                "support": 1000
            },
            "weighted avg": {
                "precision": 0.9930019720078881,
                "recall": 0.993,
                "f1-score": 0.9929999929999931,
                "support": 1000
            }
        },
        "test_ind_trec_ood_sst2": {
            "test_ind": {
                "precision": 0.9944612286002014,
                "recall": 0.9875,
                "f1-score": 0.9909683893627697,
                "support": 2000
            },
            "test_ood": {
                "precision": 0.9875868917576961,
                "recall": 0.9945,
                "f1-score": 0.9910313901345291,
                "support": 2000
            },
            "accuracy": 0.991,
            "macro avg": {
                "precision": 0.9910240601789487,
                "recall": 0.9910000000000001,
                "f1-score": 0.9909998897486494,
                "support": 4000
            },
            "weighted avg": {
                "precision": 0.9910240601789487,
                "recall": 0.991,
                "f1-score": 0.9909998897486494,
                "support": 4000
            }
        }
    }
}