{
    "tr_ind": {
        "loss": 0.056312958113773834,
        "acc": 0.9842731970343743
    },
    "dev_ind": {
        "loss": 0.1893149053454399,
        "acc": 0.94800000333786
    },
    "val_ind": {
        "loss": 0.22988168954849242,
        "acc": 0.9380000004768372
    },
    "ood_training_1": {
        "dev_ind": {
            "precision": 0.9939879759519038,
            "recall": 0.992,
            "f1-score": 0.9929929929929929,
            "support": 500
        },
        "dev_ood": {
            "precision": 0.9920159680638723,
            "recall": 0.994,
            "f1-score": 0.993006993006993,
            "support": 500
        },
        "accuracy": 0.993,
        "macro avg": {
            "precision": 0.993001972007888,
            "recall": 0.993,
            "f1-score": 0.992999992999993,
            "support": 1000
        },
        "weighted avg": {
            "precision": 0.9930019720078881,
            "recall": 0.993,
            "f1-score": 0.9929999929999931,
            "support": 1000
        }
    },
    "ood_validation_1_ind_trec_ood_sst2": {
        "val_ind": {
            "precision": 0.9939577039274925,
            "recall": 0.987,
            "f1-score": 0.990466633216257,
            "support": 1000
        },
        "val_ood": {
            "precision": 0.9870903674280039,
            "recall": 0.994,
            "f1-score": 0.9905331340308918,
            "support": 1000
        },
        "accuracy": 0.9905,
        "macro avg": {
            "precision": 0.9905240356777483,
            "recall": 0.9904999999999999,
            "f1-score": 0.9904998836235744,
            "support": 2000
        },
        "weighted avg": {
            "precision": 0.9905240356777482,
            "recall": 0.9905,
            "f1-score": 0.9904998836235744,
            "support": 2000
        }
    }
}